951412773297707.3750000000000000000000000, -0.6979800000000000448352466, 1.0082759999999999500630565, -0.7519190000000000040358827, -0.0043100006111710595368969, 0.8152771156087490478370228, 0.2195630311346987162401945, 0.5358140759800488206465729
951412781297707.3750000000000000000000000, -0.6979689999999999505675419, 1.0082809999999999828190766, -0.7519160000000000287911917, -0.0043930016558588200550894, 0.8152983073112641809743195, 0.2196970828106567519277803, 0.5357262019318511647725245
951412789297707.3750000000000000000000000, -0.6979809999999999625686087, 1.0082839999999999580637677, -0.7519249999999999545252649, -0.0043479996803829036242095, 0.8153119400672368399796142, 0.2195869838583809907639477, 0.5357509606174840621761746
951412798297707.3750000000000000000000000, -0.6979750000000000120792265, 1.0082809999999999828190766, -0.7519200000000000327915473, -0.0043770006918834973574928, 0.8152981288762237710443515, 0.2196910347271138486124897, 0.5357290846840425668773378
951412806297707.3750000000000000000000000, -0.6979889999999999705693199, 1.0082580000000000985949100, -0.7519240000000000367919029, -0.0042340028651189527686416, 0.8152715516883310975515542, 0.2195771485862599015081997, 0.5358173625837132636462457
951412814297707.2500000000000000000000000, -0.6980009999999999825703867, 1.0082629999999999093063252, -0.7519270000000000120365939, -0.0042789997492698773895459, 0.8152939522274446071392617, 0.2194549871409257058019193, 0.5358329686026002125487366
951412823297707.3750000000000000000000000, -0.6980129999999999945714535, 1.0082610000000000738396011, -0.7519299999999999872812850, -0.0042790000456226981451202, 0.8152850086925688133376866, 0.2194930023402343888250243, 0.5358310057130301062855438
951412831297707.2500000000000000000000000, -0.6980060000000000153264068, 1.0082690000000000818403123, -0.7519259999999999832809294, -0.0044140006358500795749511, 0.8153001174464363787208754, 0.2195170316220892425818079, 0.5357970771831819245534234
951412839297707.2500000000000000000000000, -0.6980119999999999658157890, 1.0082770000000000898410235, -0.7519289999999999585256205, -0.0043549991636072484316178, 0.8152798434226676826952485, 0.2195109578421563234496006, 0.5358308970918106428626970
951412848297707.2500000000000000000000000, -0.6980009999999999825703867, 1.0082830000000000403304057, -0.7519270000000000120365939, -0.0043800000002934599135918, 0.8152810000546237834129215, 0.2195230000147080362538077, 0.5358240000359001387053581
951412856297707.2500000000000000000000000, -0.6980070000000000440820713, 1.0082720000000000570850034, -0.7519240000000000367919029, -0.0043539984716379548021492, 0.8152977138101701326533544, 0.2195229229419794758637607, 0.5357988119212550026659869
951412864297707.3750000000000000000000000, -0.6979990000000000360813601, 1.0082729999999999748183654, -0.7519289999999999585256205, -0.0043480023284558754620432, 0.8153324366293893676882476, 0.2195491175736336009194360, 0.5357352868986449134780514
951412873297707.2500000000000000000000000, -0.6979950000000000320810045, 1.0082729999999999748183654, -0.7519219999999999792805738, -0.0043220005788174838470828, 0.8152881091862443918572012, 0.2195610294043834898047862, 0.5357980717559578387465535
951412881297707.3750000000000000000000000, -0.6979849999999999665689643, 1.0082660000000001065956212, -0.7519329999999999625259761, -0.0043450008628151499598391, 0.8153331619060216750582981, 0.2195420435958949367805104, 0.5357371063848100911641836
951412889297707.3750000000000000000000000, -0.6979910000000000280806489, 1.0082739999999998925517275, -0.7519200000000000327915473, -0.0043579991687073792172580, 0.8152648444874304178853208, 0.2196129581086126159039651, 0.5358118977933543636282820
951412898297707.3750000000000000000000000, -0.6979889999999999705693199, 1.0082770000000000898410235, -0.7519209999999999505249093, -0.0043530009022922965325475, 0.8152381689829927280399602, 0.2196310455252376281354287, 0.5358451110702540098884583
951412906297707.3750000000000000000000000, -0.6979769999999999585682531, 1.0082709999999999173070364, -0.7519130000000000535465006, -0.0043520003612747965027197, 0.8152330676753529736799919, 0.2197160182393964322766777, 0.5358180444801330377657678
951412914297707.3750000000000000000000000, -0.6979689999999999505675419, 1.0082739999999998925517275, -0.7519240000000000367919029, -0.0043419985530856698360824, 0.8152807283183411968252585, 0.2197179267818694381464439, 0.5357448214700326616366510
951412923297707.3750000000000000000000000, -0.6979819999999999913242732, 1.0082860000000000155750968, -0.7519200000000000327915473, -0.0043960010802360713344505, 0.8152642003361193490107439, 0.2196530539756810507245888, 0.5357961316620033498381304
951412931297707.3750000000000000000000000, -0.6979830000000000200799377, 1.0082809999999999828190766, -0.7519219999999999792805738, -0.0042970019142395806874268, 0.8152893631972245591654769, 0.2195710978151033387906210, 0.5357922386861191377249725
951412939297707.2500000000000000000000000, -0.6979919999999999458140110, 1.0082770000000000898410235, -0.7519280000000000407922585, -0.0043250011281031662882524, 0.8153372126668789743320076, 0.2194760572466059322938037, 0.5357581397434210135344301
951412948297707.3750000000000000000000000, -0.6979910000000000280806489, 1.0082770000000000898410235, -0.7519169999999999465245537, -0.0043980003707558444278614, 0.8152720687282535294571062, 0.2195630185093828123932269, 0.5358210451702517529426473
951412956297707.2500000000000000000000000, -0.6980030000000000400817157, 1.0082649999999999668176542, -0.7519219999999999792805738, -0.0043040010278364553703012, 0.8153091947036043007912554, 0.2194780524134502253108536, 0.5358001279541759753755059
951412964297707.2500000000000000000000000, -0.6980070000000000440820713, 1.0082629999999999093063252, -0.7519310000000000160369495, -0.0043560008434699488966135, 0.8152821578663606016945664, 0.2195140425053862254234360, 0.5358261037541618421187195
951412973297707.2500000000000000000000000, -0.6980070000000000440820713, 1.0082709999999999173070364, -0.7519219999999999792805738, -0.0044830010038292142024452, 0.8152621825527132104483030, 0.2195270491562828218956582, 0.5358501199870364661848043
951412981297707.2500000000000000000000000, -0.6979959999999999498143666, 1.0082649999999999668176542, -0.7519360000000000487929697, -0.0043900005061692825084063, 0.8153090940055516266937730, 0.2195330253122690644662640, 0.5357770617753666586580152
951412989297707.3750000000000000000000000, -0.6980070000000000440820713, 1.0082629999999999093063252, -0.7519369999999999665263317, -0.0043200010376859736618838, 0.8153341958473739881085862, 0.2193970527002753745371422, 0.5357951287006843532623179
951412998297707.2500000000000000000000000, -0.6979969999999999785700311, 1.0082649999999999668176542, -0.7519259999999999832809294, -0.0042439986632255123980006, 0.8153137431925175926394900, 0.2194679308720020316503252, 0.5357978312344257032506789
951413006297707.3750000000000000000000000, -0.6979919999999999458140110, 1.0082850000000000978417347, -0.7519179999999999752802182, -0.0043740012595091526392821, 0.8152622347576476968811221, 0.2196070632366315666939016, 0.5358181542907350936033595
951413014297707.3750000000000000000000000, -0.6979840000000000488356022, 1.0082850000000000978417347, -0.7519109999999999960351715, -0.0043650016730487168833963, 0.8152643124802724239330587, 0.2195920841668073109076431, 0.5358212053733417690182250
951413023297707.3750000000000000000000000, -0.6979769999999999585682531, 1.0082819999999999005524387, -0.7519209999999999505249093, -0.0043310003664806043244262, 0.8152930689884717585513840, 0.2196230185840613580161573, 0.5357650453353685060520206
951413031297707.3750000000000000000000000, -0.6979910000000000280806489, 1.0082670000000000243289833, -0.7519240000000000367919029, -0.0042669992626305887697957, 0.8152508591185493314057453, 0.2196129620492363598849295, 0.5358339074038901417296188
951413039297707.3750000000000000000000000, -0.6979870000000000240802933, 1.0082789999999999253077476, -0.7519179999999999752802182, -0.0043350000215319449414775, 0.8152540040493666539944684, 0.2196290010908972245573523, 0.5358220026614278763688048
951413048297707.3750000000000000000000000, -0.6979969999999999785700311, 1.0082690000000000818403123, -0.7519339999999999912816406, -0.0042820006578159781202020, 0.8153281252535697909422652, 0.2195010337205196282450714, 0.5357620823056524761440755
951413056297707.3750000000000000000000000, -0.6980009999999999825703867, 1.0082800000000000650857146, -0.7519230000000000080362383, -0.0043460020127861088284904, 0.8152573775743130468640629, 0.2196181017128530921223017, 0.5358212481576312136155593
951413064297707.2500000000000000000000000, -0.6980020000000000113260512, 1.0082629999999999093063252, -0.7519299999999999872812850, -0.0042740010353319989738763, 0.8153071974996317639039489, 0.2194860531681981918872282, 0.5358001297919713357131855
951413073297707.3750000000000000000000000, -0.6980119999999999658157890, 1.0082660000000001065956212, -0.7519249999999999545252649, -0.0043150011648843446254720, 0.8153142201034795366609842, 0.2194200592349763168087406, 0.5358161446497495816743140
951413081297707.2500000000000000000000000, -0.6980100000000000193267624, 1.0082530000000000658388899, -0.7519289999999999585256205, -0.0042399994388721507984630, 0.8153248920986878589545199, 0.2194629709559431374188421, 0.5357829290936881871942887
951413089297707.2500000000000000000000000, -0.6980129999999999945714535, 1.0082580000000000985949100, -0.7519299999999999872812850, -0.0042969999854911792441792, 0.8152959972471530702975429, 0.2195079992588312434165232, 0.5358079981908442368521150
951413098297707.2500000000000000000000000, -0.6980110000000000480824269, 1.0082599999999999340616341, -0.7519249999999999545252649, -0.0042440014982410160029880, 0.8153092878250197683698275, 0.2194640774764293478238386, 0.5358061891532812648364370
951413106297707.2500000000000000000000000, -0.6979899999999999993249844, 1.0082770000000000898410235, -0.7519139999999999712798626, -0.0043409991996196653149531, 0.8152508496865080722670882, 0.2196359595041844636753581, 0.5358239012064057726902888
951413114297707.3750000000000000000000000, -0.6979819999999999913242732, 1.0082889999999999908197879, -0.7519219999999999792805738, -0.0043450020837983239010982, 0.8152923910020951625554630, 0.2196101053217376364301572, 0.5357712569479199382627144
951413123297707.2500000000000000000000000, -0.6979880000000000528359578, 1.0082889999999999908197879, -0.7519160000000000287911917, -0.0043519996013459743763874, 0.8152719253190569004274835, 0.2195939798846433810286527, 0.5358089509185628429577264
951413131297707.3750000000000000000000000, -0.6980020000000000113260512, 1.0082709999999999173070364, -0.7519270000000000120365939, -0.0042270009733727607198484, 0.8152811877388971284474906, 0.2195640505601175740402198, 0.5358081233832298062580435
951413139297707.3750000000000000000000000, -0.6979980000000000073256956, 1.0082720000000000570850034, -0.7519329999999999625259761, -0.0043329991656074302516788, 0.8153238429955487198697028, 0.2195749577171131894370859, 0.5357378968345704040032729
951413148297707.3750000000000000000000000, -0.6980070000000000440820713, 1.0082569999999999588169430, -0.7519289999999999585256205, -0.0042619990839238850247050, 0.8152958247599267904703879, 0.2194949528216501855037990, 0.5358138848319081715132484
951413156297707.3750000000000000000000000, -0.6980020000000000113260512, 1.0082569999999999588169430, -0.7519379999999999952819962, -0.0042760008597798561044701, 0.8153271639386647784419893, 0.2194680441286635530495630, 0.5357771077292496908484054
951413164297707.3750000000000000000000000, -0.6980009999999999825703867, 1.0082679999999999420623453, -0.7519230000000000080362383, -0.0043760015104800176546918, 0.8152712814100901983493941, 0.2195440757808101162051884, 0.5358301849544123696134079
951413173297707.3750000000000000000000000, -0.6979800000000000448352466, 1.0082960000000000810871370, -0.7519090000000000495461450, -0.0044700020754380913670656, 0.8152453785213705783618821, 0.2196821019991925250103293, 0.5358122487795602406634998
951413181297707.3750000000000000000000000, -0.6979790000000000160795821, 1.0083079999999999820659013, -0.7519179999999999752802182, -0.0044719990699427980204717, 0.8152728304448736418308386, 0.2197249543030369567375715, 0.5357528885776081661873604
951413189297707.2500000000000000000000000, -0.6979990000000000360813601, 1.0082930000000001058424459, -0.7519280000000000407922585, -0.0043869995704579256221023, 0.8152819201737128151918910, 0.2195439785039012547951387, 0.5358139475371194171415823
951413198297707.3750000000000000000000000, -0.6979929999999999745696755, 1.0082690000000000818403123, -0.7519280000000000407922585, -0.0042709976869500024254656, 0.8153685584197464253364274, 0.2194788811365253333729441, 0.5357097098749674657369724
951413206297707.2500000000000000000000000, -0.6980159999999999698161446, 1.0082530000000000658388899, -0.7519280000000000407922585, -0.0042400009757239762869796, 0.8153081876215951817599148, 0.2194830505082135674310706, 0.5358001233002138707917084
951413214297707.2500000000000000000000000, -0.6980159999999999698161446, 1.0082510000000000083275609, -0.7519310000000000160369495, -0.0042390022009286647264314, 0.8153244233238883253989115, 0.2194541139425806031137967, 0.5357872781856490851382091
951413223297707.2500000000000000000000000, -0.6980030000000000400817157, 1.0082519999999999260609229, -0.7519320000000000447926141, -0.0042379985101573137279418, 0.8153057133842186443573041, 0.2194979228368357793144128, 0.5357978116435272442075188
951413231297707.2500000000000000000000000, -0.6979969999999999785700311, 1.0082819999999999005524387, -0.7519190000000000040358827, -0.0044600004229017201420882, 0.8152330773012191889037581, 0.2196650208288579153581566, 0.5358380508087021709684450
951413239297707.3750000000000000000000000, -0.6979940000000000033253400, 1.0082780000000000075743856, -0.7519230000000000080362383, -0.0043599990084469582296567, 0.8152858145873134176895292, 0.2195619500671172064087955, 0.5358008781479102200506759
951413248297707.2500000000000000000000000, -0.6979859999999999953246288, 1.0082899999999999085531499, -0.7519080000000000207904804, -0.0044340019769844671998493, 0.8152573634980663230820142, 0.2196090979169106893742480, 0.5358242389074707734408776
951413256297707.3750000000000000000000000, -0.6979889999999999705693199, 1.0082839999999999580637677, -0.7519219999999999792805738, -0.0043929982145189550718500, 0.8153086686276427297315195, 0.2195889107507404403030193, 0.5357547822489421296410228
951413264297707.3750000000000000000000000, -0.6979959999999999498143666, 1.0082830000000000403304057, -0.7519169999999999465245537, -0.0043699981826645284063715, 0.8152616609600570329874358, 0.2196419086583071833551628, 0.5358047771767889821958875
951413273297707.3750000000000000000000000, -0.6979959999999999498143666, 1.0082739999999998925517275, -0.7519160000000000287911917, -0.0043519985338598132784682, 0.8152677253453175509889661, 0.2196489260027054690738169, 0.5357928194973232693953946
951413281297707.3750000000000000000000000, -0.6980070000000000440820713, 1.0082580000000000985949100, -0.7519249999999999545252649, -0.0042679994564212226162980, 0.8153008961620616945609186, 0.2194929720450476406945484, 0.5358069317588298741128483
951413289297707.3750000000000000000000000, -0.6979870000000000240802933, 1.0082869999999999333084588, -0.7519169999999999465245537, -0.0044220018937182938717489, 0.8152913491477796759099306, 0.2196490940645250133922417, 0.5357562294371186473185276
951413298297707.3750000000000000000000000, -0.6980060000000000153264068, 1.0082729999999999748183654, -0.7519270000000000120365939, -0.0042600001720273306463072, 0.8153020329235273200296774, 0.2194960088636880024548503, 0.5358040216368383790168650
951413306297707.3750000000000000000000000, -0.6979980000000000073256956, 1.0082990000000000563318281, -0.7519169999999999465245537, -0.0044640022655843963894640, 0.8152914137792491855449839, 0.2195991114516281095259131, 0.5357762719188499112021873
951413314297707.2500000000000000000000000, -0.6979969999999999785700311, 1.0082889999999999908197879, -0.7519240000000000367919029, -0.0043699987195359368472025, 0.8152947611084787604696089, 0.2195359356732360656128122, 0.5357978430045574613771464
951413323297707.3750000000000000000000000, -0.6980180000000000273274736, 1.0082690000000000818403123, -0.7519329999999999625259761, -0.0042480015839845060993119, 0.8153103040109246357758366, 0.2194650818336063291535964, 0.5358041997893677743647345
951413331297707.2500000000000000000000000, -0.6980180000000000273274736, 1.0082670000000000243289833, -0.7519230000000000080362383, -0.0043359994674590819629945, 0.8152658998702712045414387, 0.2195239730383965748305997, 0.5358469341880872649497292
951413339297707.2500000000000000000000000, -0.6980129999999999945714535, 1.0082569999999999588169430, -0.7519160000000000287911917, -0.0042890007249870099395594, 0.8152651378075389532185113, 0.2195810371166641572493461, 0.5358250905726660295869124
951413348297707.2500000000000000000000000, -0.6980089999999999905710979, 1.0082560000000000410835810, -0.7519360000000000487929697, -0.0043150017915999034148755, 0.8153453385334932246308881, 0.2195190911448943460460015, 0.5357282224357434730066529
951413356297707.2500000000000000000000000, -0.6980150000000000520827825, 1.0082709999999999173070364, -0.7519200000000000327915473, -0.0043529985297184057083109, 0.8152757246300719184972650, 0.2195289258512639340992223, 0.5358298190165434737863848
951413364297707.3750000000000000000000000, -0.6979919999999999458140110, 1.0082819999999999005524387, -0.7519190000000000040358827, -0.0043510001910545981901324, 0.8152830357994865773108017, 0.2195550096407704598888699, 0.5358080235275987091014827
951413373297707.2500000000000000000000000, -0.6979969999999999785700311, 1.0082889999999999908197879, -0.7519160000000000287911917, -0.0043900012243693166749670, 0.8152782273807216428807010, 0.2196010612466347267091038, 0.5357961494332991181366310
951413381297707.3750000000000000000000000, -0.6979999999999999538147222, 1.0082789999999999253077476, -0.7519169999999999465245537, -0.0043050012825504779465091, 0.8153012428953978485424159, 0.2195660654133515243824348, 0.5357761596189930530798051
951413389297707.3750000000000000000000000, -0.6980159999999999698161446, 1.0082649999999999668176542, -0.7519259999999999832809294, -0.0042499980495658423729211, 0.8153076258342182303096024, 0.2194418992924299927071985, 0.5358177540993577236960732
951413398297707.3750000000000000000000000, -0.6980119999999999658157890, 1.0082629999999999093063252, -0.7519310000000000160369495, -0.0042810005692896346135567, 0.8153211084218159321324038, 0.2194490291824435779233227, 0.5357940712501683133694996
951413406297707.3750000000000000000000000, -0.6980169999999999985718091, 1.0082590000000000163282721, -0.7519249999999999545252649, -0.0042769976412621139860715, 0.8152925503711742072354696, 0.2194608789686753880232573, 0.5358327044915599524088634
951413414297707.3750000000000000000000000, -0.6980100000000000193267624, 1.0082729999999999748183654, -0.7519200000000000327915473, -0.0043670012725356222374473, 0.8152892375736878749492575, 0.2195630639802470251975564, 0.5357951561296596665329162
951413423297707.3750000000000000000000000, -0.6979969999999999785700311, 1.0082709999999999173070364, -0.7519289999999999585256205, -0.0043029994974677788360795, 0.8153719047755746407446509, 0.2194359743728420686359470, 0.5357219374349136975510532
951413431297707.3750000000000000000000000, -0.6979999999999999538147222, 1.0082889999999999908197879, -0.7519179999999999752802182, -0.0043759989582279326322811, 0.8152518059171020015085674, 0.2196049477197543620121678, 0.5358348724364863091551570
951413439297707.2500000000000000000000000, -0.6979940000000000033253400, 1.0082910000000000483311169, -0.7519200000000000327915473, -0.0043910005307863713905348, 0.8152540985483289759372383, 0.2195810265430658825280830, 0.5358410647727397391193449
951413448297707.3750000000000000000000000, -0.6979870000000000240802933, 1.0082770000000000898410235, -0.7519179999999999752802182, -0.0043349993229381839771053, 0.8152418726714580898828899, 0.2196449656947537243389945, 0.5358339163107863623025651
951413456297707.2500000000000000000000000, -0.6979990000000000360813601, 1.0082709999999999173070364, -0.7519169999999999465245537, -0.0043479993263623424940012, 0.8152548736921645389230662, 0.2196159659747912162863770, 0.5358259169842292113372650
951413464297707.2500000000000000000000000, -0.6980030000000000400817157, 1.0082780000000000075743856, -0.7519099999999999672795070, -0.0043939989168859921314647, 0.8152277990475951252591358, 0.2196839458482435225583629, 0.5358388679165390078296127
951413473297707.2500000000000000000000000, -0.6980119999999999658157890, 1.0082629999999999093063252, -0.7519200000000000327915473, -0.0043230019560161689340383, 0.8152823688884510699992347, 0.2195330993315053602632503, 0.5358182424401276566783281
951413481297707.2500000000000000000000000, -0.6980210000000000025721647, 1.0082610000000000738396011, -0.7519310000000000160369495, -0.0042889985546634874780114, 0.8153237252465501683218463, 0.2193909260681224659972344, 0.5358138194377388696665321
951413489297707.3750000000000000000000000, -0.6980110000000000480824269, 1.0082610000000000738396011, -0.7519320000000000447926141, -0.0042999994087931222783161, 0.8153298879003014754118794, 0.2193919698358001435511966, 0.5358039263323232104241356
951413498297707.2500000000000000000000000, -0.6980119999999999658157890, 1.0082679999999999420623453, -0.7519320000000000447926141, -0.0042859994360868050936042, 0.8153408927247903781321270, 0.2193879711349071282011636, 0.5357889295057193246307747
951413506297707.3750000000000000000000000, -0.6980060000000000153264068, 1.0082819999999999005524387, -0.7519249999999999545252649, -0.0043510000592736743432742, 0.8152480111061237710856631, 0.2196070029917062405022676, 0.5358400072997484553383174
951413514297707.3750000000000000000000000, -0.6979889999999999705693199, 1.0082809999999999828190766, -0.7519310000000000160369495, -0.0043539979414955708170165, 0.8153206145287343886707276, 0.2195868961826338561227345, 0.5357377467112893754119796
951413523297707.3750000000000000000000000, -0.6979899999999999993249844, 1.0082649999999999668176542, -0.7519249999999999545252649, -0.0042670011547722777600633, 0.8153592206594726388146910, 0.2194930594010854607578409, 0.5357181449806176498640298
951413531297707.3750000000000000000000000, -0.6979950000000000320810045, 1.0082780000000000075743856, -0.7519230000000000080362383, -0.0043669994554308352863181, 0.8153278983278021696534665, 0.2195249726250181054876265, 0.5357519331912024007635864
951413539297707.3750000000000000000000000, -0.6980079999999999618154334, 1.0082619999999999915729632, -0.7519219999999999792805738, -0.0042680009941775979773193, 0.8152981899135441912207511, 0.2194610511207145397971630, 0.5358241248135465761848195
951413548297707.3750000000000000000000000, -0.6979999999999999538147222, 1.0082649999999999668176542, -0.7519289999999999585256205, -0.0042599997946041147020568, 0.8153009606902651418280925, 0.2195049894165671811041562, 0.5358019741663083701510573
951413556297707.3750000000000000000000000, -0.6980159999999999698161446, 1.0082819999999999005524387, -0.7519259999999999832809294, -0.0044049990965986498062112, 0.8153008327936381860467918, 0.2194759549886686478270548, 0.5358128901125567278285189
951413564297707.2500000000000000000000000, -0.6979849999999999665689643, 1.0082940000000000235758080, -0.7519080000000000207904804, -0.0044329988821152970998596, 0.8152267944214318662332630, 0.2196649446063290433972526, 0.5358478648733854265984178
951413573297707.3750000000000000000000000, -0.6979959999999999498143666, 1.0082789999999999253077476, -0.7519240000000000367919029, -0.0043930015538005311517833, 0.8153242883794364903593532, 0.2195640776596084198235559, 0.5357411894911564553822814
951413581297707.2500000000000000000000000, -0.6979950000000000320810045, 1.0082739999999998925517275, -0.7519230000000000080362383, -0.0043460001430681545822599, 0.8152900268389404736524284, 0.2195560072276740992691657, 0.5357970176381702254175821
951413589297707.2500000000000000000000000, -0.6979959999999999498143666, 1.0082670000000000243289833, -0.7519169999999999465245537, -0.0043210015795705023627926, 0.8152392980160789726085113, 0.2196150802817347647000190, 0.5358501958835579781492697
951413598297707.2500000000000000000000000, -0.6979929999999999745696755, 1.0082699999999999995736744, -0.7519249999999999545252649, -0.0043409982350763650499337, 0.8152986685232723740313077, 0.2195319107447096518281882, 0.5357937821618304896631457
951413606297707.2500000000000000000000000, -0.6980070000000000440820713, 1.0082739999999998925517275, -0.7519230000000000080362383, -0.0044000003054238314564861, 0.8152970565934395397178491, 0.2195190152378032055757728, 0.5358010371923623837986383
951413614297707.3750000000000000000000000, -0.6980079999999999618154334, 1.0082800000000000650857146, -0.7519320000000000447926141, -0.0044519998798004580681242, 0.8153209779871493090297463, 0.2195219940731257812771560, 0.5357629855349353986682104
951413623297707.2500000000000000000000000, -0.6980189999999999450608357, 1.0082800000000000650857146, -0.7519240000000000367919029, -0.0044069992795173745098181, 0.8153148667074444633229291, 0.2194969641153222406071421, 0.5357829124070019322090275
951413631297707.3750000000000000000000000, -0.6979950000000000320810045, 1.0082670000000000243289833, -0.7519280000000000407922585, -0.0042789986966984966398897, 0.8153177516697417415159066, 0.2195109331411506659037514, 0.5357738368134938866660377
951413639297707.3750000000000000000000000, -0.6979910000000000280806489, 1.0082819999999999005524387, -0.7519059999999999632791514, -0.0043660016889837142614605, 0.8152533153799909060310824, 0.2195840849459001209442732, 0.5358412072896753253203883
951413648297707.3750000000000000000000000, -0.6979959999999999498143666, 1.0082709999999999173070364, -0.7519169999999999465245537, -0.0043050006378418563882104, 0.8152621207916905810009212, 0.2196090325379354835089174, 0.5358180793884199655252587
951413656297707.3750000000000000000000000, -0.6979959999999999498143666, 1.0082670000000000243289833, -0.7519249999999999545252649, -0.0042509994757412702601207, 0.8153028994519606609259199, 0.2194809729322911850957212, 0.5358089339208313983675680
951413664297707.3750000000000000000000000, -0.6979969999999999785700311, 1.0082770000000000898410235, -0.7519230000000000080362383, -0.0043849990305754836528163, 0.8152648197633116655680396, 0.2195759514567029169196388, 0.5358268815407456475696790
951413673297707.3750000000000000000000000, -0.6980020000000000113260512, 1.0082880000000000730864258, -0.7519109999999999960351715, -0.0044280013504033495508327, 0.8152732486331052408345954, 0.2195650669605491156488597, 0.5358181634079544064519496
951413681297707.3750000000000000000000000, -0.6980030000000000400817157, 1.0082839999999999580637677, -0.7519169999999999465245537, -0.0043859984368545589308863, 0.8152877094359962661940244, 0.2195399217571933347947777, 0.5358068090414342954375115
951413689297707.2500000000000000000000000, -0.6980070000000000440820713, 1.0082830000000000403304057, -0.7519160000000000287911917, -0.0043590000341876371237060, 0.8152770063942175182702954, 0.2195480017219149648788346, 0.5358200042024362508286117
951413698297707.3750000000000000000000000, -0.6979990000000000360813601, 1.0082780000000000075743856, -0.7519120000000000247908361, -0.0043110004701663586987315, 0.8152550889133552969312291, 0.2196570239562356530171883, 0.5358090584364106900849833
951413706297707.2500000000000000000000000, -0.6979990000000000360813601, 1.0082679999999999420623453, -0.7519209999999999505249093, -0.0042720011708616964160590, 0.8152582234443739306328780, 0.2195800601820719621937172, 0.5358361468609195155110569
951413714297707.2500000000000000000000000, -0.6980039999999999578150778, 1.0082789999999999253077476, -0.7519150000000000000355271, -0.0043819990801637152127990, 0.8152798288625909828297722, 0.2195739539086872527118288, 0.5358048875278683675915659
951413723297707.2500000000000000000000000, -0.6980049999999999865707423, 1.0082759999999999500630565, -0.7519259999999999832809294, -0.0044129988503830586826782, 0.8152897876113309738599355, 0.2195559428041474747672623, 0.5357968604211854612984212
951413731297707.2500000000000000000000000, -0.6980020000000000113260512, 1.0082720000000000570850034, -0.7519219999999999792805738, -0.0043879991597552863227816, 0.8153028438801193100715636, 0.2195859579521477200625412, 0.5357648974079970427553121
951413739297707.3750000000000000000000000, -0.6980250000000000065725203, 1.0082690000000000818403123, -0.7519310000000000160369495, -0.0042669985921061802033871, 0.8153487309761382473283220, 0.2193399276289124955052756, 0.5357968232141352427078118
951413748297707.2500000000000000000000000, -0.6980279999999999818172114, 1.0082640000000000490842922, -0.7519280000000000407922585, -0.0042659994274474571235301, 0.8153388905709288980716565, 0.2193249705637397017898849, 0.5358179280862732651868896
951413756297707.3750000000000000000000000, -0.6980199999999999738165002, 1.0082679999999999420623453, -0.7519280000000000407922585, -0.0043719989631630798779249, 0.8153278066417721792191742, 0.2194179479641621133279017, 0.5357958729338806458386557
951413764297707.3750000000000000000000000, -0.6980119999999999658157890, 1.0082690000000000818403123, -0.7519240000000000367919029, -0.0044049997276586977737467, 0.8152989495937363884081606, 0.2195559864258417870352957, 0.5357829668749511942138497
951413773297707.3750000000000000000000000, -0.6980110000000000480824269, 1.0082709999999999173070364, -0.7519219999999999792805738, -0.0043160000599125553435997, 0.8152880113174205689574592, 0.2194860030467949418842011, 0.5358290074381103496037326
951413781297707.3750000000000000000000000, -0.6979950000000000320810045, 1.0082990000000000563318281, -0.7519010000000000415454338, -0.0044299968053776207776995, 0.8152194121173688134973645, 0.2197198415524990733338484, 0.5358366135898710025387004
951413789297707.3750000000000000000000000, -0.6979910000000000280806489, 1.0082880000000000730864258, -0.7519069999999999920348159, -0.0043690000456276514503862, 0.8152580085141469812270998, 0.2196720022941445471520439, 0.5357980055956064191491350
951413798297707.3750000000000000000000000, -0.6979809999999999625686087, 1.0082869999999999333084588, -0.7519139999999999712798626, -0.0043870025253041509613605, 0.8152814693030530079909113, 0.2196521264390488559214987, 0.5357703084071586685510624
951413806297707.3750000000000000000000000, -0.6979950000000000320810045, 1.0082660000000001065956212, -0.7519240000000000367919029, -0.0042630004217770198562953, 0.8152880806637914368195652, 0.2194720217143434348727737, 0.5358350530149869062057633
951413814297707.2500000000000000000000000, -0.6980070000000000440820713, 1.0082649999999999668176542, -0.7519339999999999912816406, -0.0042919971076992337322142, 0.8153194505706755634832916, 0.2195048520795713775655145, 0.5357736389516424280188289
951413823297707.3750000000000000000000000, -0.6979990000000000360813601, 1.0082599999999999340616341, -0.7519310000000000160369495, -0.0042720004833042574815538, 0.8153610922442516839581117, 0.2195350248366573775449240, 0.5356980606051321425198353
951413831297707.2500000000000000000000000, -0.6980140000000000233271180, 1.0082569999999999588169430, -0.7519240000000000367919029, -0.0042940004383229994980309, 0.8152880832229812968492411, 0.2195080224069410890219700, 0.5358200546954423604262274
951413839297707.2500000000000000000000000, -0.6980119999999999658157890, 1.0082739999999998925517275, -0.7519230000000000080362383, -0.0043800005994710129730851, 0.8152831115841383535780551, 0.2195540300493741547871451, 0.5358080733336448853165734
951413848297707.2500000000000000000000000, -0.6980110000000000480824269, 1.0082839999999999580637677, -0.7519219999999999792805738, -0.0043570025005977338489194, 0.8152874679148094383407397, 0.2195011259774393708177342, 0.5358233075230158792834345
951413856297707.2500000000000000000000000, -0.6979959999999999498143666, 1.0082819999999999005524387, -0.7519249999999999545252649, -0.0043230017007297250400399, 0.8153613207746216451354826, 0.2195010863548173540849007, 0.5357112107563317682235038
951413864297707.3750000000000000000000000, -0.6980070000000000440820713, 1.0082780000000000075743856, -0.7519219999999999792805738, -0.0043299995275083123791315, 0.8153039110336345318685858, 0.2194829760499092397019183, 0.5358059415325909791150139
951413873297707.2500000000000000000000000, -0.6980009999999999825703867, 1.0082869999999999333084588, -0.7519249999999999545252649, -0.0043559994576846351385657, 0.8153188984940265005008087, 0.2195439726671064295526747, 0.5357579332989450549007415
951413881297707.3750000000000000000000000, -0.6980039999999999578150778, 1.0082679999999999420623453, -0.7519219999999999792805738, -0.0042759992795690119835039, 0.8153078626349045121557424, 0.2194889630199538532728809, 0.5357979097274362390024294
951413889297707.3750000000000000000000000, -0.6979980000000000073256956, 1.0082750000000000323296945, -0.7519230000000000080362383, -0.0043400012425837634216785, 0.8153122334316713626378714, 0.2195660628638586853167425, 0.5357591533929572102934458
951413898297707.3750000000000000000000000, -0.6980070000000000440820713, 1.0082580000000000985949100, -0.7519280000000000407922585, -0.0042770002173015565088976, 0.8152920414225438561217629, 0.2195230111533059136341706, 0.5358080272227990770161909
951413906297707.3750000000000000000000000, -0.6980150000000000520827825, 1.0082709999999999173070364, -0.7519249999999999545252649, -0.0043850000478271962053856, 0.8152620088920627949846676, 0.2195690023948391189634322, 0.5358340058443415987454728
951413914297707.3750000000000000000000000, -0.6979940000000000033253400, 1.0082770000000000898410235, -0.7519200000000000327915473, -0.0042909999041927000817953, 0.8152659817971489308874311, 0.2195829950972607025327932, 0.5358229880364123731695258
951413923297707.3750000000000000000000000, -0.6979969999999999785700311, 1.0082850000000000978417347, -0.7519169999999999465245537, -0.0043389993314752375169752, 0.8152798743869859032784575, 0.2195989661656212732498972, 0.5357949174482081744486095
951413931297707.3750000000000000000000000, -0.6980049999999999865707423, 1.0082830000000000403304057, -0.7519130000000000535465006, -0.0043620003522642572524326, 0.8152760658396593917984774, 0.2195440177298266792860204, 0.5358230432717311364498869
951413939297707.2500000000000000000000000, -0.6980009999999999825703867, 1.0082919999999999660644789, -0.7519200000000000327915473, -0.0043780017234992226263235, 0.8153193209688585074701450, 0.2195290864225812599297427, 0.5357632109152841159982472
951413948297707.3750000000000000000000000, -0.6979980000000000073256956, 1.0082819999999999005524387, -0.7519169999999999465245537, -0.0042930026550598290521754, 0.8152715042146010393508959, 0.2195811358026304171975340, 0.5358153313815240403883422
951413956297707.2500000000000000000000000, -0.6980039999999999578150778, 1.0082800000000000650857146, -0.7519209999999999505249093, -0.0043549988766064104059317, 0.8152747896958186801796842, 0.2195859433567153018440621, 0.5358078617857008341118785
951413964297707.2500000000000000000000000, -0.6980110000000000480824269, 1.0082800000000000650857146, -0.7519259999999999832809294, -0.0043939996299088065340177, 0.8152599313335122666046573, 0.2195839815052105514769920, 0.5358309548688359180701468
951413973297707.2500000000000000000000000, -0.6980030000000000400817157, 1.0082709999999999173070364, -0.7519270000000000120365939, -0.0043650010808704313089446, 0.8152892018835677934163186, 0.2195730543711255922101344, 0.5357911326736882751120561
951413981297707.2500000000000000000000000, -0.6980089999999999905710979, 1.0082709999999999173070364, -0.7519270000000000120365939, -0.0043719989147366572837528, 0.8153007976175004056784701, 0.2194499455258370479437957, 0.5358238669921899788306519
951413989297707.3750000000000000000000000, -0.6979999999999999538147222, 1.0082709999999999173070364, -0.7519200000000000327915473, -0.0043669999388379829308171, 0.8152909885814421109273553, 0.2195349969253026500837223, 0.5358039924957972433006148
951413998297707.2500000000000000000000000, -0.6980119999999999658157890, 1.0082619999999999915729632, -0.7519339999999999912816406, -0.0042649977824363045214584, 0.8152895760943715819379918, 0.2194818858815205386836311, 0.5358287213986079322580736
951414006297707.3750000000000000000000000, -0.6979980000000000073256956, 1.0082640000000000490842922, -0.7519209999999999505249093, -0.0042379974757604564963853, 0.8152945143936106697779564, 0.2195178692505861117734156, 0.5358066808623840326930576
951414014297707.3750000000000000000000000, -0.6979990000000000360813601, 1.0082789999999999253077476, -0.7519150000000000000355271, -0.0043310002348593218748918, 0.8152680442099490276675056, 0.2195720119068415854268750, 0.5358240290563982544114197
951414023297707.3750000000000000000000000, -0.6979990000000000360813601, 1.0082809999999999828190766, -0.7519230000000000080362383, -0.0043819987161994511035146, 0.8152827611454215306352467, 0.2195729356713971014425368, 0.5358008430256462339968948
951414031297707.3750000000000000000000000, -0.6980020000000000113260512, 1.0082770000000000898410235, -0.7519240000000000367919029, -0.0044019988923317612816710, 0.8152647948561684287938078, 0.2195879447454218147406380, 0.5358218651719648395470585
951414039297707.3750000000000000000000000, -0.6979959999999999498143666, 1.0082780000000000075743856, -0.7519160000000000287911917, -0.0043689999409333053759230, 0.8152629889780520500153216, 0.2195949970311854571036747, 0.5358219927559546569284521
951414048297707.3750000000000000000000000, -0.6979880000000000528359578, 1.0082960000000000810871370, -0.7519080000000000207904804, -0.0043729996620414796071330, 0.8152519369948868499520245, 0.2196579830241727204764857, 0.5358129585907686065482380
951414056297707.3750000000000000000000000, -0.6979990000000000360813601, 1.0082889999999999908197879, -0.7519169999999999465245537, -0.0044259991458552765467016, 0.8152688426665805065951531, 0.2196089576190987935344623, 0.5358068965981197528947177
951414064297707.2500000000000000000000000, -0.6979899999999999993249844, 1.0082839999999999580637677, -0.7519139999999999712798626, -0.0043799976599496453361082, 0.8152485644466411773834125, 0.2196538826480774753147074, 0.5358197137338398530204131
951414073297707.3750000000000000000000000, -0.6980070000000000440820713, 1.0082699999999999995736744, -0.7519249999999999545252649, -0.0042910012815184509285538, 0.8152832434864152322262498, 0.2194940655524612038718146, 0.5358331600279366835337669
951414081297707.2500000000000000000000000, -0.6979990000000000360813601, 1.0082510000000000083275609, -0.7519209999999999505249093, -0.0042709999619240353666005, 0.8152719927318503589930287, 0.2195219980429614081707257, 0.5358389952229953845375121
951414089297707.2500000000000000000000000, -0.6980150000000000520827825, 1.0082580000000000985949100, -0.7519259999999999832809294, -0.0042969984063660508419313, 0.8153146976230712938971124, 0.2194219186226790407889808, 0.5358148012815978633582858
951414098297707.2500000000000000000000000, -0.6979969999999999785700311, 1.0082739999999998925517275, -0.7519289999999999585256205, -0.0043609992139103381791898, 0.8153018530381853645749857, 0.2195779604200880918973837, 0.5357699034250725800276882
951414106297707.2500000000000000000000000, -0.6979969999999999785700311, 1.0082599999999999340616341, -0.7519390000000000240376608, -0.0042800001254189850435905, 0.8153460238924925551629030, 0.2194860064317082637419531, 0.5357410156990870531146243
951414114297707.3750000000000000000000000, -0.6979940000000000033253400, 1.0082729999999999748183654, -0.7519360000000000487929697, -0.0043370013823695353905041, 0.8153592598864288776283615, 0.2194670699526158341718940, 0.5357281707572207896106420
951414123297707.2500000000000000000000000, -0.6980079999999999618154334, 1.0082720000000000570850034, -0.7519230000000000080362383, -0.0042869981693964415159215, 0.8152966518578051990928657, 0.2194819062783927854365373, 0.5358177711988949543098215
951414131297707.3750000000000000000000000, -0.6980070000000000440820713, 1.0082809999999999828190766, -0.7519160000000000287911917, -0.0043639987528522510354390, 0.8152767670094236418520950, 0.2195589372542363360008011, 0.5358158468740332747159982
951414139297707.3750000000000000000000000, -0.6980079999999999618154334, 1.0082850000000000978417347, -0.7519150000000000000355271, -0.0043599987646621048142936, 0.8152617690082470947032789, 0.2196049377783535483388277, 0.5358198481837727067400579
951414148297707.3750000000000000000000000, -0.6980039999999999578150778, 1.0082839999999999580637677, -0.7519169999999999465245537, -0.0043830016620542682631578, 0.8152623091511949082743627, 0.2196430832896613671856301, 0.5358032031790243010505037
951414156297707.3750000000000000000000000, -0.6979889999999999705693199, 1.0082729999999999748183654, -0.7519259999999999832809294, -0.0043569990459698081097795, 0.8153178214739528195664775, 0.2196139519122363159553402, 0.5357308826937001722257037
951414164297707.3750000000000000000000000, -0.6980009999999999825703867, 1.0082599999999999340616341, -0.7519289999999999585256205, -0.0042660013229192106365417, 0.8152962528295218946894352, 0.2194730680602550165758657, 0.5358221661624982257166039
951414173297707.3750000000000000000000000, -0.6980079999999999618154334, 1.0082759999999999500630565, -0.7519219999999999792805738, -0.0043880001206151554235535, 0.8152610224094877233724787, 0.2195140060338913179371900, 0.5358580147293973139355217
951414181297707.3750000000000000000000000, -0.6979969999999999785700311, 1.0082729999999999748183654, -0.7519360000000000487929697, -0.0042989996432819211832910, 0.8153389323456242676613215, 0.2194559817902017595514508, 0.5357639555439160927718945
951414189297707.2500000000000000000000000, -0.6980070000000000440820713, 1.0082789999999999253077476, -0.7519209999999999505249093, -0.0044089979266648026204334, 0.8152706166182672742337445, 0.2195078967762162935883907, 0.5358457480180603971220421
951414198297707.3750000000000000000000000, -0.6979969999999999785700311, 1.0082759999999999500630565, -0.7519080000000000207904804, -0.0043520011275666459216183, 0.8152412112220955853203463, 0.2196660569136155705116664, 0.5358261388280161074959551
951414206297707.2500000000000000000000000, -0.6980039999999999578150778, 1.0082850000000000978417347, -0.7519160000000000287911917, -0.0043580006082178605192334, 0.8152471137787485888637207, 0.2196100306495466503164948, 0.5358400747837215316593529
951414214297707.2500000000000000000000000, -0.6979980000000000073256956, 1.0083009999999998917985522, -0.7519019999999999592787958, -0.0044129998641987576088463, 0.8151989749138823793117581, 0.2196999932391722198943285, 0.5358759835094886181394713
951414223297707.2500000000000000000000000, -0.6980060000000000153264068, 1.0082860000000000155750968, -0.7519169999999999465245537, -0.0043870027618538127642256, 0.8152645132527892579688000, 0.2195881382425244887635074, 0.5358223373289340285552385
951414231297707.2500000000000000000000000, -0.6980030000000000400817157, 1.0082839999999999580637677, -0.7519230000000000080362383, -0.0043720006990458056342352, 0.8152761303557337635439239, 0.2195410351027481943297914, 0.5358240856737235269235953
951414239297707.3750000000000000000000000, -0.6980100000000000193267624, 1.0082580000000000985949100, -0.7519280000000000407922585, -0.0042689992136525521312929, 0.8153108498201629972257365, 0.2194389595794570824160985, 0.5358139013033563768928502
951414248297707.2500000000000000000000000, -0.6980180000000000273274736, 1.0082580000000000985949100, -0.7519289999999999585256205, -0.0042799985117570361892181, 0.8153047165018855180207424, 0.2194959236767809462875789, 0.5357998136914533526820037
951414256297707.3750000000000000000000000, -0.6980110000000000480824269, 1.0082580000000000985949100, -0.7519259999999999832809294, -0.0042469982954399703237169, 0.8153116727694262877434994, 0.2194659119159473870119825, 0.5358017849525140707811488
951414264297707.3750000000000000000000000, -0.6979899999999999993249844, 1.0082750000000000323296945, -0.7519150000000000000355271, -0.0044150020272744738142334, 0.8152913743643562805019087, 0.2196491008581678283650973, 0.5357562460078059141110884
951414273297707.3750000000000000000000000, -0.6980009999999999825703867, 1.0082949999999999413091700, -0.7519050000000000455457894, -0.0044799999908921609922952, 0.8152289983426396213772591, 0.2196749995534007793285269, 0.5358399989106373828562369
951414281297707.3750000000000000000000000, -0.6980009999999999825703867, 1.0082880000000000730864258, -0.7519099999999999672795070, -0.0043350007049275272527633, 0.8152331325675161721733275, 0.2195940357088478622760164, 0.5358680871391243716317376
951414289297707.3750000000000000000000000, -0.6979819999999999913242732, 1.0082910000000000483311169, -0.7519109999999999960351715, -0.0043869983746459189147271, 0.8152646979497845114437382, 0.2196229186311512426854620, 0.5358078014867289073919210
951414298297707.3750000000000000000000000, -0.6979880000000000528359578, 1.0082860000000000155750968, -0.7519130000000000535465006, -0.0043910016359316340200936, 0.8152793037441827816991236, 0.2195700818040329793667809, 0.5358071996227786737421184
951414306297707.3750000000000000000000000, -0.6980110000000000480824269, 1.0082809999999999828190766, -0.7519190000000000040358827, -0.0043760017633780933996035, 0.8152523285186282775427458, 0.2195850884852327822294171, 0.5358422159259699224520546
951414314297707.2500000000000000000000000, -0.6980119999999999658157890, 1.0082629999999999093063252, -0.7519209999999999505249093, -0.0042970009340413421392024, 0.8152921772204874129030827, 0.2194950477117534326509940, 0.5358191164712818865822896
951414323297707.3750000000000000000000000, -0.6980070000000000440820713, 1.0082610000000000738396011, -0.7519169999999999465245537, -0.0042909984576416457940917, 0.8152997069483183256721759, 0.2194899211064471888921190, 0.5358098074082895401204496
951414331297707.2500000000000000000000000, -0.6979980000000000073256956, 1.0082610000000000738396011, -0.7519139999999999712798626, -0.0042569993437346466749749, 0.8152918743133914514231719, 0.2195169661589378429233932, 0.5358109173985917683680213
951414339297707.2500000000000000000000000, -0.6979950000000000320810045, 1.0082759999999999500630565, -0.7519120000000000247908361, -0.0043029995066632869063494, 0.8152959065267373350849311, 0.2195449748292798430870931, 0.5357929385716109216275527
951414348297707.2500000000000000000000000, -0.6980140000000000233271180, 1.0082739999999998925517275, -0.7519219999999999792805738, -0.0043239995317151990253390, 0.8152829117056806795815760, 0.2194829762302144271490789, 0.5358379419692899103822015
951414356297707.2500000000000000000000000, -0.6980070000000000440820713, 1.0082819999999999005524387, -0.7519209999999999505249093, -0.0043869974146357043620625, 0.8152595195477329026445545, 0.2195838705938834012343364, 0.5358316842213537434247428
951414364297707.3750000000000000000000000, -0.6979999999999999538147222, 1.0082750000000000323296945, -0.7519259999999999832809294, -0.0043399998564132768671953, 0.8153339730250834804792248, 0.2195369927367284701436034, 0.5357379822753769449406036
951414373297707.2500000000000000000000000, -0.6980070000000000440820713, 1.0082610000000000738396011, -0.7519249999999999545252649, -0.0043139988683088253268449, 0.8153117861192873405684622, 0.2195079424164890491422142, 0.5357838594478386839980999
951414381297707.3750000000000000000000000, -0.6979889999999999705693199, 1.0082569999999999588169430, -0.7519230000000000080362383, -0.0042389981838630817756464, 0.8153026506954760277423588, 0.2195289059460435454607108, 0.5357897704486909162824304
951414389297707.3750000000000000000000000, -0.6980060000000000153264068, 1.0082800000000000650857146, -0.7519219999999999792805738, -0.0043630001201264831042770, 0.8153000224476557589170511, 0.2195820060457514544260960, 0.5357710147513835563515272
951414398297707.3750000000000000000000000, -0.6979990000000000360813601, 1.0082930000000001058424459, -0.7519080000000000207904804, -0.0044500019967029938797176, 0.8152213657874631813626820, 0.2197130985846303119490841, 0.5358362404281674651329581
951414406297707.3750000000000000000000000, -0.6979750000000000120792265, 1.0082930000000001058424459, -0.7519069999999999920348159, -0.0043819972740436006347631, 0.8152404928545365914160925, 0.2197058633251993409185587, 0.5358106666824683506078486
951414414297707.3750000000000000000000000, -0.6979790000000000160795821, 1.0082949999999999413091700, -0.7519099999999999672795070, -0.0044129998339873625912144, 0.8152369693316010579309250, 0.2197199917343538033698280, 0.5358099798433647587003748
951414423297707.3750000000000000000000000, -0.6979919999999999458140110, 1.0082969999999999988204991, -0.7519040000000000167901248, -0.0044359990132786684610688, 0.8151868186739400501394925, 0.2197619511172558270928334, 0.5358688808040187323555870
951414431297707.3750000000000000000000000, -0.6980070000000000440820713, 1.0082649999999999668176542, -0.7519179999999999752802182, -0.0042730008488893883589199, 0.8152681619640426147199719, 0.2195920436249282903240498, 0.5358161064471136381115457
951414439297707.2500000000000000000000000, -0.6979990000000000360813601, 1.0082610000000000738396011, -0.7519179999999999752802182, -0.0042660015402316018087725, 0.8152742943532065300615841, 0.2195740792767964522091972, 0.5358141934546778450965121
951414448297707.3750000000000000000000000, -0.6980070000000000440820713, 1.0082629999999999093063252, -0.7519160000000000287911917, -0.0042700005477557057345650, 0.8152941045859343205393088, 0.2195300281613138115854866, 0.5358020687326937592231957
951414456297707.2500000000000000000000000, -0.6980030000000000400817157, 1.0082660000000001065956212, -0.7519249999999999545252649, -0.0043060024674563823765538, 0.8153574672219772168091367, 0.2194691257617707447202804, 0.5357303069880186008333567
951414464297707.2500000000000000000000000, -0.6980009999999999825703867, 1.0082679999999999420623453, -0.7519169999999999465245537, -0.0042510000191571311808914, 0.8152750036740367134413532, 0.2195600009894471404958693, 0.5358190024146683994032969
951414473297707.2500000000000000000000000, -0.6980060000000000153264068, 1.0082709999999999173070364, -0.7519240000000000367919029, -0.0042690024748823296799061, 0.8152834726468703996360432, 0.2195201272630988298395494, 0.5358223106339656816032857
951414481297707.2500000000000000000000000, -0.6980030000000000400817157, 1.0082690000000000818403123, -0.7519350000000000200373051, -0.0042570020501662957784772, 0.8153563926745102108384344, 0.2194571056902383798803413, 0.5357372580103220149894128
951414489297707.3750000000000000000000000, -0.6980129999999999945714535, 1.0082599999999999340616341, -0.7519240000000000367919029, -0.0042389994773102011513255, 0.8153158994674791770762567, 0.2194719729380100459170677, 0.5357929339340562480131780
951414498297707.2500000000000000000000000, -0.6979959999999999498143666, 1.0082560000000000410835810, -0.7519249999999999545252649, -0.0042089995112047058969940, 0.8153039053179477191335423, 0.2195219745066950556289243, 0.5357909377780661897006098
951414506297707.3750000000000000000000000, -0.6979950000000000320810045, 1.0082580000000000985949100, -0.7519240000000000367919029, -0.0042679999361144443925653, 0.8152919877963020756084234, 0.2195429967137706994684265, 0.5357999919798780430468810
951414514297707.3750000000000000000000000, -0.6979999999999999538147222, 1.0082739999999998925517275, -0.7519139999999999712798626, -0.0043559997353468877037685, 0.8152439504690399685316038, 0.2196659866539737160362478, 0.5358219674456015102492756
951414523297707.3750000000000000000000000, -0.6979969999999999785700311, 1.0082839999999999580637677, -0.7519109999999999960351715, -0.0043649989254487039230801, 0.8152497993063130277135997, 0.2196199459351762806047503, 0.5358318680918739973506604
951414531297707.3750000000000000000000000, -0.6979859999999999953246288, 1.0082809999999999828190766, -0.7519109999999999960351715, -0.0042829983727436056126225, 0.8152466902601228637692543, 0.2195869165714802728750499, 0.5358507964121020927805716
951414539297707.3750000000000000000000000, -0.6979739999999999833235620, 1.0082899999999999085531499, -0.7519050000000000455457894, -0.0043589998857854863126282, 0.8152169786396850081899856, 0.2197049942432898195221469, 0.5358469859597374540527426
951414548297707.3750000000000000000000000, -0.6979809999999999625686087, 1.0082889999999999908197879, -0.7519109999999999960351715, -0.0044339990047668649542079, 0.8152788170066136430591541, 0.2196669506946601069241609, 0.5357678797442340101753189
951414556297707.3750000000000000000000000, -0.6979739999999999833235620, 1.0082660000000001065956212, -0.7519259999999999832809294, -0.0042680015689005928666844, 0.8153182997078007865354721, 0.2195960807226557398585953, 0.5357381969352544848206321
951414564297707.2500000000000000000000000, -0.6980079999999999618154334, 1.0082469999999998933049028, -0.7519540000000000112834186, -0.0041610011791405202355443, 0.8153312310477817126397326, 0.2195160622062510002994173, 0.5357521518209305000368659
951414573297707.3750000000000000000000000, -0.6980180000000000273274736, 1.0082530000000000658388899, -0.7519519999999999537720896, -0.0041809991032949467282265, 0.8152938251427290783368562, 0.2195649529095802521272418, 0.5357888850885663689638250
951414581297707.2500000000000000000000000, -0.6980199999999999738165002, 1.0082660000000001065956212, -0.7519489999999999785273985, -0.0042500004857963340210159, 0.8152640931887674691225243, 0.2196150251030968836296609, 0.5358130612461154962389287
951414589297707.2500000000000000000000000, -0.6980169999999999985718091, 1.0082599999999999340616341, -0.7519510000000000360387276, -0.0041799995797825728605090, 0.8152799180395062794701744, 0.2195749779260187661833470, 0.5358059461351629693126597
951414598297707.2500000000000000000000000, -0.6980250000000000065725203, 1.0082679999999999420623453, -0.7519540000000000112834186, -0.0042380010599814103844363, 0.8152902039151118662729800, 0.2196230549306978363510723, 0.5357701340033601544732278
951414606297707.2500000000000000000000000, -0.6980169999999999985718091, 1.0082800000000000650857146, -0.7519630000000000480397944, -0.0043190012688406982307998, 0.8153002395197548324290437, 0.2198060645748549368772018, 0.5356791573723816979324397
951414614297707.3750000000000000000000000, -0.6980110000000000480824269, 1.0082619999999999915729632, -0.7519829999999999570192699, -0.0041750001008408659311510, 0.8153460196934603221308180, 0.2198660053105336298351347, 0.5355860129362769450622750
951414623297707.2500000000000000000000000, -0.6980619999999999603090828, 1.0082530000000000658388899, -0.7519310000000000160369495, -0.0041459997602783012909944, 0.8152279528635211214293577, 0.2195439873059669977362063, 0.5358979690143802487867219
951414631297707.3750000000000000000000000, -0.6980690000000000505764319, 1.0082530000000000658388899, -0.7519219999999999792805738, -0.0041619999980334549186112, 0.8151649996148345733715246, 0.2196259998962266923872022, 0.5359599997467588972099861
951414639297707.3750000000000000000000000, -0.6981190000000000450697257, 1.0082599999999999340616341, -0.7519569999999999865281097, -0.0044520017271232415270732, 0.8149473161531680664992905, 0.2194510851345288504621323, 0.5363602080772285063403615
951414648297707.3750000000000000000000000, -0.6981100000000000083133500, 1.0082510000000000083275609, -0.7519259999999999832809294, -0.0043019997571628757274120, 0.8151209539884611832150085, 0.2195549876066701655563662, 0.5360549697410378344741844
951414656297707.3750000000000000000000000, -0.6977820000000000133510980, 1.0082219999999999515694071, -0.7519430000000000280380164, -0.0046349987732851646166088, 0.8149027843250056246660051, 0.2208379415522652156056438, 0.5358568581782672257673994
951414664297707.3750000000000000000000000, -0.6976830000000000531201749, 1.0083590000000000053148597, -0.7520259999999999722675170, -0.0045220010395245011786125, 0.8143411872019951092127599, 0.2225960511707199829256609, 0.5359841232128483845542632
951414673297707.3750000000000000000000000, -0.6975930000000000186233251, 1.0084720000000000350581786, -0.7521330000000000515214538, -0.0044750001915613369166125, 0.8138420348381366631329570, 0.2239610095870991357536184, 0.5361740229520018941045123
951414681297707.3750000000000000000000000, -0.6975139999999999673718776, 1.0083899999999998975397375, -0.7520710000000000450270932, -0.0046920001337853482412110, 0.8139120232074807947952877, 0.2232990063670363123371487, 0.5363420152929883055747950
951414689297707.2500000000000000000000000, -0.6975190000000000001278977, 1.0082869999999999333084588, -0.7520010000000000305320214, -0.0048670008613059178789739, 0.8141301440754031837343518, 0.2224430393654145132753541, 0.5363650949197347195251950
951414698297707.3750000000000000000000000, -0.6975369999999999626183467, 1.0082409999999999428155206, -0.7519700000000000272848411, -0.0049389982182196706314570, 0.8143237062266684977984710, 0.2218969199490363197746490, 0.5362968065269396733540930
951414706297707.2500000000000000000000000, -0.6975459999999999993747224, 1.0082359999999999100595005, -0.7519660000000000232844855, -0.0049269996820656474997846, 0.8143739474492652785642122, 0.2217969856876627621211640, 0.5362619653955528198352454
951414714297707.2500000000000000000000000, -0.6975249999999999506172799, 1.0082489999999999508162318, -0.7519770000000000065298877, -0.0048709991245524542763379, 0.8142858536512666001172533, 0.2220539600910225175312007, 0.5362899036145013509369051
951414723297707.2500000000000000000000000, -0.6975099999999999633715220, 1.0082709999999999173070364, -0.7519949999999999690203367, -0.0049290025735980371596190, 0.8142064251245614281415897, 0.2222801160599252867644537, 0.5363162800287695208822925
951414731297707.2500000000000000000000000, -0.6975190000000000001278977, 1.0082729999999999748183654, -0.7519970000000000265316658, -0.0048770013345477052427168, 0.8142172228032455993940175, 0.2223240608369866644355994, 0.5362821467488030346970618
951414739297707.3750000000000000000000000, -0.6975219999999999753725888, 1.0082699999999999995736744, -0.7519919999999999937756456, -0.0048840004210863249833885, 0.8142020701984700181697008, 0.2222590191626178102168865, 0.5363320462412102251903434
951414748297707.2500000000000000000000000, -0.6975209999999999466169243, 1.0082619999999999915729632, -0.7519860000000000432862635, -0.0048849993330706258792828, 0.8141608888458780057817421, 0.2223449696441327227969253, 0.5363589267730661802602299
951414756297707.3750000000000000000000000, -0.6974409999999999776321147, 1.0082919999999999660644789, -0.7520259999999999722675170, -0.0051510017687435650027283, 0.8141762795706777300352996, 0.2227350764824495843452468, 0.5361711841096885589053045
951414764297707.3750000000000000000000000, -0.6974230000000000151416657, 1.0083210000000000228226327, -0.7520400000000000417799129, -0.0052309988012513757363320, 0.8141978134164149505380692, 0.2229319489123631203852938, 0.5360558771561091395696508
951414773297707.3750000000000000000000000, -0.6974209999999999576303367, 1.0082979999999999165538611, -0.7520240000000000257784905, -0.0051190022936718725110605, 0.8141253647852340069590582, 0.2228350998457455933721150, 0.5362072402584320274243623
951414781297707.3750000000000000000000000, -0.6974339999999999983870680, 1.0082979999999999165538611, -0.7520000000000000017763568, -0.0050879974101463772834242, 0.8141395855928795777245455, 0.2226598866633632822775724, 0.5362587270376741876987126
951414789297707.3750000000000000000000000, -0.6974479999999999568771614, 1.0082780000000000075743856, -0.7519869999999999610196255, -0.0050249993074295180861544, 0.8140998877966907354419845, 0.2224879693355977239299648, 0.5363909260719256222316176
951414798297707.3750000000000000000000000, -0.6974470000000000391437993, 1.0082649999999999668176542, -0.7519780000000000352855523, -0.0050010016698372374704951, 0.8141102718318722342161209, 0.2223630742471540688853793, 0.5364271791133332634160524
951414806297707.3750000000000000000000000, -0.6974359999999999448760946, 1.0082649999999999668176542, -0.7519860000000000432862635, -0.0050790025871963271481002, 0.8141044146971605499629732, 0.2224211132992309769562667, 0.5364112732428762964076441
951414814297707.2500000000000000000000000, -0.6974399999999999488764502, 1.0082599999999999340616341, -0.7519989999999999730206923, -0.0050540001116302288308724, 0.8141330179821631984893315, 0.2224840049141155184919683, 0.5363420118464543584479998
951414823297707.3750000000000000000000000, -0.6972660000000000524167376, 1.0082759999999999500630565, -0.7520869999999999500062131, -0.0054339976355404443625341, 0.8136806459485065312620122, 0.2230229029575150068165357, 0.5368007664254225153044331
951414831297707.2500000000000000000000000, -0.6972000000000000419220214, 1.0083100000000000395772304, -0.7521459999999999812558826, -0.0053929983804127208310564, 0.8134317557159058686977460, 0.2234329329001956687683617, 0.5370078387295891264585634
951414839297707.2500000000000000000000000, -0.6971460000000000434283720, 1.0083320000000000060680350, -0.7521989999999999509938675, -0.0054020017257399525340000, 0.8132432598011730684461895, 0.2237500714798804912764041, 0.5371611716031468031218310
951414848297707.2500000000000000000000000, -0.6971330000000000026716407, 1.0083670000000000133155709, -0.7522469999999999989981347, -0.0053769996879216358162679, 0.8131099528075063087584340, 0.2240289869974699810128982, 0.5372469688184554614807098
951414856297707.2500000000000000000000000, -0.6972679999999999989057642, 1.0083139999999999325552835, -0.7521510000000000140119027, -0.0053229974244842874486761, 0.8136096063375281017826524, 0.2233038919551079137804095, 0.5367927402745057419153341
951414864297707.3750000000000000000000000, -0.6972669999999999701500997, 1.0082919999999999660644789, -0.7521130000000000315196758, -0.0053370002959580225762592, 0.8136730451214263526438231, 0.2231630123752820493709947, 0.5367550297652142754500915
951414873297707.2500000000000000000000000, -0.6975369999999999626183467, 1.0082469999999998933049028, -0.7520010000000000305320214, -0.0050069971791937726776633, 0.8143905411944868388829377, 0.2220538749008775791793369, 0.5361296979590887135103117
951414881297707.3750000000000000000000000, -0.6976160000000000138697942, 1.0082089999999999108126758, -0.7519559999999999577724452, -0.0049420012525775575129572, 0.8146822064857122125403066, 0.2213550561036635166978215, 0.5359761358461166969036071
951414889297707.3750000000000000000000000, -0.6979100000000000303401748, 1.0082290000000000418367563, -0.7519369999999999665263317, -0.0047299986841996882400152, 0.8151537732389244617081658, 0.2203579387003963829805286, 0.5356718509857538723650805
951414898297707.3750000000000000000000000, -0.6980709999999999970654585, 1.0082539999999999835722519, -0.7519139999999999712798626, -0.0048570004182557514199603, 0.8152610702053947333567407, 0.2197210189210566100292965, 0.5357690461372176526921862
951414906297707.3750000000000000000000000, -0.6976930000000000076099127, 1.0081949999999999523225824, -0.7519249999999999545252649, -0.0048429994108418932333149, 0.8150229008512476225334353, 0.2206689731552900490818558, 0.5357419348261940328370656
951414914297707.3750000000000000000000000, -0.6978649999999999575805987, 1.0082310000000000993480853, -0.7519529999999999825277541, -0.0046870005324362602056043, 0.8152160926073305224903720, 0.2203830250351824782129029, 0.5355670608396182474919556
951414923297707.3750000000000000000000000, -0.6979950000000000320810045, 1.0082189999999999763247160, -0.7519700000000000272848411, -0.0044740025370487305003686, 0.8152754623139034650947110, 0.2200211247662044733441888, 0.5356273037353153076978174
951414931297707.3750000000000000000000000, -0.6980169999999999985718091, 1.0081999999999999850786025, -0.7519639999999999657731564, -0.0045329989177058400279252, 0.8152578053498849008917659, 0.2199159474930945656900860, 0.5356968720975657793914593
951414939297707.2500000000000000000000000, -0.6979589999999999960778041, 1.0081670000000000353423957, -0.7519810000000000105302433, -0.0042280010312307171257973, 0.8153251988619167889282835, 0.2200660536752173657149001, 0.5355351306197119187757494
951414948297707.3750000000000000000000000, -0.6979210000000000135855771, 1.0081590000000000273416845, -0.7520390000000000130242483, -0.0040719996652164892891879, 0.8155359329499004550356744, 0.2200159819111667525159959, 0.5352359559950424783281164
951414956297707.2500000000000000000000000, -0.6979670000000000040785153, 1.0082510000000000083275609, -0.7519839999999999857749344, -0.0047320011318427550317534, 0.8153631950259305760653206, 0.2200050526227948499702336, 0.5354981280852771918787880
951414964297707.2500000000000000000000000, -0.6980129999999999945714535, 1.0082919999999999660644789, -0.7519540000000000112834186, -0.0050110003556758063447685, 0.8152380578647840936312718, 0.2200660156200662798120504, 0.5356610380206862087604236
951414973297707.2500000000000000000000000, -0.6980640000000000178204118, 1.0081940000000000345892204, -0.7518939999999999512780846, -0.0044310007799426105387641, 0.8151621434844456004498170, 0.2192500385922855621334548, 0.5361160943668952238994052
951414981297707.2500000000000000000000000, -0.6980229999999999490611913, 1.0080100000000000726174676, -0.7518510000000000470521400, -0.0029639995100301736244419, 0.8155188651890340478800567, 0.2178709639844075562908898, 0.5361459113713351598562440
951414989297707.3750000000000000000000000, -0.6980070000000000440820713, 1.0079689999999998928359446, -0.7518500000000000182964754, -0.0027489994260502148733238, 0.8155738297204357944991671, 0.2177369545397947192544308, 0.5361178880666384038988781
951414998297707.2500000000000000000000000, -0.6980300000000000393285404, 1.0079849999999999088373670, -0.7518759999999999887876356, -0.0029670002174900251407097, 0.8152180597579317122836073, 0.2176100159514675891347935, 0.5367090393423842309417182
951415006297707.3750000000000000000000000, -0.6979870000000000240802933, 1.0079640000000000821245294, -0.7518989999999999840341047, -0.0027659989648513580787204, 0.8151946949211869020146537, 0.2176539185451039359886494, 0.5367277991347576548974985
951415014297707.3750000000000000000000000, -0.6982040000000000468105554, 1.0080560000000000631104058, -0.7518880000000000007887024, -0.0032030010754958743342258, 0.8148542736097768024450261, 0.2179840731941594389464711, 0.5371081803488723105388658
951415023297707.3750000000000000000000000, -0.6982000000000000428101998, 1.0080400000000000471089834, -0.7518930000000000335447226, -0.0031080005958861334908194, 0.8148891562358606677207717, 0.2179710417908289343813522, 0.5370611029688554527439237
951415031297707.3750000000000000000000000, -0.6981169999999999875583967, 1.0080089999999999328395006, -0.7518770000000000175433001, -0.0028089999744661899895581, 0.8151229925905320028434176, 0.2176969980211342636788885, 0.5368189951203153897907328
951415039297707.3750000000000000000000000, -0.6980480000000000018189894, 1.0080000000000000071054274, -0.7518259999999999942943418, -0.0023949995295718434946963, 0.8154278398328639321235300, 0.2175119572760880193307287, 0.5364328946333247749578277
951415048297707.3750000000000000000000000, -0.6980520000000000058193450, 1.0079899999999999415933871, -0.7518240000000000478053153, -0.0023279996307886000397880, 0.8154738706691162519746285, 0.2174559655123564361201005, 0.5363859149313462415520348
951415056297707.3750000000000000000000000, -0.6982089999999999685442731, 1.0080329999999999568416342, -0.7517960000000000198028260, -0.0029080020012789416054833, 0.8149105608191962168973532, 0.2178191499025370903019905, 0.5370913696247964219665505
951415064297707.2500000000000000000000000, -0.6981140000000000123137056, 1.0079910000000000813713541, -0.7518559999999999687858576, -0.0025660014010589586586075, 0.8152254451201439433560836, 0.2177791189092825041573320, 0.5366312930053273033692562
951415073297707.3750000000000000000000000, -0.6983960000000000167830194, 1.0080219999999999735962319, -0.7518540000000000222968310, -0.0031099986309571338652380, 0.8151026411861905796030214, 0.2174909042590025542995846, 0.5369317636389311365618937
951415081297707.2500000000000000000000000, -0.6983139999999999902868808, 1.0079569999999999918571802, -0.7518639999999999767865688, -0.0030289996117807173325875, 0.8153128955033911440253291, 0.2171129721731749340207784, 0.5367659312040569119517386
951415089297707.2500000000000000000000000, -0.6982709999999999750386337, 1.0079469999999999263451400, -0.7518500000000000182964754, -0.0030370012985521822185264, 0.8153903486422335866734556, 0.2170560928082128360205871, 0.5366712294683233519521082
951415098297707.2500000000000000000000000, -0.6982519999999999837925202, 1.0079489999999999838564690, -0.7518369999999999775397441, -0.0029009990205126580040118, 0.8153847246951788640956238, 0.2170949267005155280951811, 0.5366648188015944453965744
951415106297707.2500000000000000000000000, -0.6982739999999999502833248, 1.0079489999999999838564690, -0.7518470000000000430517844, -0.0030469997835959891988034, 0.8153449420925736879084411, 0.2171529845773613187631668, 0.5367009618824256644842308
951415114297707.3750000000000000000000000, -0.6982639999999999957935870, 1.0079460000000000086117780, -0.7518409999999999815400997, -0.0030470007359924521084249, 0.8153411969428362437994906, 0.2172160524677835546913940, 0.5366811296334641490091144
951415123297707.2500000000000000000000000, -0.6982580000000000453042048, 1.0079970000000000318607363, -0.7518430000000000390514288, -0.0025190000239821400303264, 0.8154530077635203655361806, 0.2165900020620451227326697, 0.5367670051102902961659424
951415131297707.3750000000000000000000000, -0.6981859999999999732978040, 1.0079640000000000821245294, -0.7518289999999999695390329, -0.0026649994635609790261110, 0.8155438358387899766555051, 0.2168979563405062926939593, 0.5365038920068740946334174
951415139297707.3750000000000000000000000, -0.6981939999999999812985152, 1.0079629999999999423465624, -0.7518150000000000110489395, -0.0026740002576640035762690, 0.8154700785778851157559188, 0.2169150209017154939949990, 0.5366090517071141485772046
951415148297707.3750000000000000000000000, -0.6982080000000000508109110, 1.0079730000000000078586027, -0.7518169999999999575379661, -0.0027369985501930929432113, 0.8154995680242846933793999, 0.2168808851167074169818960, 0.5365777157711031364328846
951415156297707.3750000000000000000000000, -0.6981870000000000020534685, 1.0079679999999999751025825, -0.7518169999999999575379661, -0.0025679986047425370186692, 0.8155115569123037033705259, 0.2169788821099808973080769, 0.5365207084949652482919191
951415164297707.3750000000000000000000000, -0.6981619999999999492956704, 1.0079460000000000086117780, -0.7518110000000000070485839, -0.0023889993655845796934056, 0.8155377834282614424310509, 0.2171069423457393232634871, 0.5364298575473150920700505
951415173297707.3750000000000000000000000, -0.6981779999999999652970928, 1.0079460000000000086117780, -0.7518230000000000190496507, -0.0024569991230345158104986, 0.8155727089013550257234897, 0.2170319225357863479608511, 0.5364068085427657894825870
951415181297707.3750000000000000000000000, -0.6982930000000000525517407, 1.0079450000000000908784159, -0.7518439999999999567847908, -0.0026969988027539513499031, 0.8152606380912083006151647, 0.2170049036676385545430179, 0.5368907616645797187260314
951415189297707.2500000000000000000000000, -0.6982880000000000197957206, 1.0079489999999999838564690, -0.7518479999999999607851464, -0.0026520001204313058303097, 0.8153380370257240494780149, 0.2169020098498458393176946, 0.5368150243775761110143208
951415198297707.3750000000000000000000000, -0.6982949999999999990407673, 1.0079899999999999415933871, -0.7518580000000000262971867, -0.0023509997411855056495544, 0.8153169102442121563001365, 0.2163779761795990297379433, 0.5370599408766855153984920
951415206297707.2500000000000000000000000, -0.6983009999999999495301495, 1.0079869999999999663486960, -0.7518590000000000550528512, -0.0023759994992510304404054, 0.8152388281859894725300819, 0.2162549544236244125627877, 0.5372278867776232313957507
951415214297707.2500000000000000000000000, -0.6982920000000000237960762, 1.0079910000000000813713541, -0.7518540000000000222968310, -0.0024079990507609415339996, 0.8151986786467062540140205, 0.2162919147372033001897051, 0.5372737882053713054375521
951415223297707.2500000000000000000000000, -0.6983009999999999495301495, 1.0080059999999999575948095, -0.7518590000000000550528512, -0.0024479984668447441267802, 0.8152024894474002580935235, 0.2162848645431027228003273, 0.5372706635131301311503194
951415231297707.2500000000000000000000000, -0.6982739999999999502833248, 1.0080029999999999823501184, -0.7518550000000000510524956, -0.0023810007180682570687713, 0.8152232458571017081894183, 0.2162160652069913258088718, 0.5372671620303983708311080
951415239297707.3750000000000000000000000, -0.6982699999999999462829692, 1.0080070000000000973727765, -0.7518489999999999895408109, -0.0024209992449364522645872, 0.8152387457425644967656808, 0.2162499325557653284679560, 0.5372298324482487341668957
951415248297707.2500000000000000000000000, -0.6982329999999999925464067, 1.0080050000000000398614475, -0.7518519999999999647855020, -0.0023800007217650784308027, 0.8152852472454797938539173, 0.2163350656063227628322920, 0.5371251628899443852915851
951415256297707.3750000000000000000000000, -0.6982380000000000253024268, 1.0080000000000000071054274, -0.7518550000000000510524956, -0.0024020009346391625604245, 0.8152833172337303757615246, 0.2163270841747235995189413, 0.5371312090023596663712624
951415264297707.3750000000000000000000000, -0.6982549999999999590372113, 1.0080000000000000071054274, -0.7518620000000000302975423, -0.0023769998372123605015482, 0.8152439441684280474476054, 0.2163099851861193245738946, 0.5371979632102673596349973